Data Layer,Description,Name,Data Source,Source Resolution,Layer Development GitHub Repo,Raw Units,Conversion Factor,Final Units,Layer Classification,Loaded to Web System,Automated Raster Prep,Local,Upstream,High Res Delineation Range,50 ft Riparian Buffers (HRD Range),100 ft Riparian Buffers (HRD Range),200 ft Riparian Buffers (HRD Range),CT,DC,DE,MA,MD,ME,NJ,NY,PA,VA,VT,WV,
Basin Elevation,The average elevation across the basin.,elev_nalcc,DEM from NALCC,30m,-,meters,1,meters,Raster Value,Y,NA,Y,Y,Y,N,N,N,HRD,HRD,HRD,HRD,HRD,HRD,HRD,HRD,HRD,HRD,HRD,HRD,
Off Stream Network Water Bodies,The percentage of the contributing drainage area that is made up of only water bodies that do not intersect with the high resolution stream netowork.,alloffnet,Fish & Wildlife Service (FWS) Nat ional Wetlands Inventory,1:24k polygons,/Conte-Ecology/basinCharacteristics/impoundedArea,fraction,100,%,"""WETLAND_TYPE"" = 
""Freshwater Emergent Wetland"", 
""Freshwater Forested/Shrub Wetland"", ""Freshwater Pond"", 
""Lake"", or 
""Other""",Y,Y,Y,Y,Y,N,N,N,HRD,HRD,HRD,HRD,HRD,HRD,HRD,HRD,HRD,HRD,HRD,HRD,
On Stream Network Water Bodies,The percentage of the contributing drainage area that is made up of only water bodies that intersect with the high resolution stream netowork.,allonnet,Fish & Wildlife Service (FWS) Nat ional Wetlands Inventory,1:24k polygons,/Conte-Ecology/basinCharacteristics/impoundedArea,fraction,100,%,"""WETLAND_TYPE"" = 
""Freshwater Emergent Wetland"", 
""Freshwater Forested/Shrub Wetland"", ""Freshwater Pond"", 
""Lake"", or 
""Other""",Y,Y,Y,Y,Y,N,N,N,HRD,HRD,HRD,HRD,HRD,HRD,HRD,HRD,HRD,HRD,HRD,HRD,
Off Stream Network Open Water,The percentage of the contributing drainage area that is made up of only open water bodies that do not intersect with the high resolution stream netowork.,openoffnet,Fish & Wildlife Service (FWS) Nat ional Wetlands Inventory,1:24k polygons,/Conte-Ecology/basinCharacteristics/impoundedArea,fraction,100,%,"""WETLAND_TYPE"" = 
""Freshwater Pond"", or 
""Lake"", ",Y,Y,Y,Y,Y,N,N,N,HRD,HRD,HRD,HRD,HRD,HRD,HRD,HRD,HRD,HRD,HRD,HRD,
On Stream Network  Open Water,The percentage of the contributing drainage area that is made up of only open water bodies that intersect with the high resolution stream netowork.,openonnet,Fish & Wildlife Service (FWS) Nat ional Wetlands Inventory,1:24k polygons,/Conte-Ecology/basinCharacteristics/impoundedArea,fraction,100,%,"""WETLAND_TYPE"" = 
""Freshwater Pond"", or 
""Lake"", ",Y,Y,Y,Y,Y,N,N,N,HRD,HRD,HRD,HRD,HRD,HRD,HRD,HRD,HRD,HRD,HRD,HRD,
Percent Open Water,"The percentage of the contributing drainage area that is classified as ""open water"".",fwsopenwater,Fish & Wildlife Service (FWS) Nat ional Wetlands Inventory,1:24k polygons,/Conte-Ecology/basinCharacteristics/fwsWetlands,fraction,100,%,"""WETLAND_TYPE"" =  
""Estuarine and Marine Deepwater"", 
""Freshwater Pond"", or 
""Lake""",N,Y,Y,Y,Y,N,N,N,HRD,HRD,HRD,HRD,HRD,HRD,HRD,HRD,HRD,HRD,HRD,HRD,
Percent Wetland,"The percentage of the contributing drainage area that is classified as ""wetland"".",fwswetlands,Fish & Wildlife Service (FWS) Nat ional Wetlands Inventory,1:24k polygons,/Conte-Ecology/basinCharacteristics/fwsWetlands,fraction,100,%,"""WETLAND_TYPE"" =  
""Estuarine and Marine Wetland"", 
""Freshwater Emergent Wetland"", or 
""Freshwater Forested/Shrub Wetland""",Y,Y,Y,Y,Y,N,N,N,HRD,HRD,HRD,HRD,HRD,HRD,HRD,HRD,HRD,HRD,HRD,HRD,
Total Drainage Area,The contributing drainage area to the downstream point of the catchment.,AreaSqKM,High Resolution Delineation,30m,-,km2,1,km2,AreaSqKM,Y,NA,Y,Y,Y,N,N,N,HRD,HRD,HRD,HRD,HRD,HRD,HRD,HRD,HRD,HRD,HRD,HRD,
Atmospheric Deposition of NO3 (2011 Total),The total wet atmoshpheric deposition of nitrate in 2011 averaged over the contributing drainage area.,dep_no3_2011,National Atmospheric Deposition Program (NADP),~2.3km,/Conte-Ecology/basinCharacteristics/atmosphericDeposition,kg/ha,1,kg/ha,Raster Value,N,Y,Y,Y,Y,N,N,N,HRD,HRD,HRD,HRD,HRD,HRD,HRD,HRD,HRD,HRD,HRD,HRD,
Atmospheric Deposition of SO4 (2011 Total),The total wet atmoshpheric deposition of sulfate in 2011 averaged over the contributing drainage area.,dep_so4_2011,National Atmospheric Deposition Program (NADP),~2.3km,/Conte-Ecology/basinCharacteristics/atmosphericDeposition,kg/ha,1,kg/ha,Raster Value,N,Y,Y,Y,Y,N,N,N,HRD,HRD,HRD,HRD,HRD,HRD,HRD,HRD,HRD,HRD,HRD,HRD,
Basin Elevation,The average elevation of the terrain in the contributing drainage area.,elevation,National Elevation Dataset (NED) -  processed by UMass,30m,/Conte-Ecology/basinCharacteristics/topography,m,1,m,Raster Value,N,NA,Y,Y,Y,N,N,N,HRD,HRD,HRD,HRD,HRD,HRD,HRD,HRD,HRD,HRD,HRD,HRD,
Basin Slope,The average slope of the terrain in the contributing drainage area.,slope_pcnt,National Elevation Dataset (NED) -  processed by UMass,30m,/Conte-Ecology/basinCharacteristics/topography,%,1,%,Raster Value,N,Y,Y,Y,Y,N,N,N,HRD,HRD,HRD,HRD,HRD,HRD,HRD,HRD,HRD,HRD,HRD,HRD,
Percent Impervious,The percentage of the contributing drainage area that is classified as impervious surface.,impervious,National Land Cover Database (NLCD) - Impervious,30m,/Conte-Ecology/basinCharacteristics/nlcdImpervious,%,1,%,Raster Value,N,Y,Y,Y,Y,Y,Y,Y,HRD,HRD,HRD,HRD,HRD,HRD,HRD,HRD,HRD,HRD,HRD,HRD,
Percent Agriculture,The percentage of the contributing drainage area that is classified as being agricultural land.,agriculture,National Land Cover Database (NLCD) - Land Cover,30m,/Conte-Ecology/basinCharacteristics/nlcdLandCover,fraction,100,%,"""Land_Cover"" (Land Cover Class) =  
""Orchards/Vineyards"" (61),
""Pasture/Hay"" (81),
""Cultivated Crops - row crops"" (82),
""Cultivated Crops - small grains"" (83), or 
""Fallow"" (84)",Y,Y,Y,Y,Y,N,N,N,HRD,HRD,HRD,HRD,HRD,HRD,HRD,HRD,HRD,HRD,HRD,HRD,
"Percent Developed, High Intensity",The percentage of the contributing drainage area that is classified as high intensity developed land.,devel_hi,National Land Cover Database (NLCD) - Land Cover,30m,/Conte-Ecology/basinCharacteristics/nlcdLandCover,fraction,100,%,"""Land_Cover"" (Land Cover Class) =  
""Developed, High Intensity"" (24)",Y,Y,Y,Y,Y,Y,Y,Y,HRD,HRD,HRD,HRD,HRD,HRD,HRD,HRD,HRD,HRD,HRD,HRD,
"Percent Developed, Low Intensity",The percentage of the contributing drainage area that is classified as low intensity developed land.,devel_low,National Land Cover Database (NLCD) - Land Cover,30m,/Conte-Ecology/basinCharacteristics/nlcdLandCover,fraction,100,%,"""Land_Cover"" (Land Cover Class) =  
""Developed, Low Intensity"" (22)",Y,Y,Y,Y,Y,Y,Y,Y,HRD,HRD,HRD,HRD,HRD,HRD,HRD,HRD,HRD,HRD,HRD,HRD,
"Percent Developed, Medium Intensity",The percentage of the contributing drainage area that is classified as medium intensity developmed land.,devel_med,National Land Cover Database (NLCD) - Land Cover,30m,/Conte-Ecology/basinCharacteristics/nlcdLandCover,fraction,100,%,"""Land_Cover"" (Land Cover Class) =  
""Developed, Medium Intensity"" (23)",Y,Y,Y,Y,Y,Y,Y,Y,HRD,HRD,HRD,HRD,HRD,HRD,HRD,HRD,HRD,HRD,HRD,HRD,
"Percent Developed, Open",The percentage of the contributing drainage area that is classified as developed land that is open space.,devel_opn,National Land Cover Database (NLCD) - Land Cover,30m,/Conte-Ecology/basinCharacteristics/nlcdLandCover,fraction,100,%,"""Land_Cover"" (Land Cover Class) =  
""Developed, Open Space"" (21)",Y,Y,Y,Y,Y,Y,Y,Y,HRD,HRD,HRD,HRD,HRD,HRD,HRD,HRD,HRD,HRD,HRD,HRD,
Percent Developed,The percentage of the contributing drainage area that has been developed.,developed,National Land Cover Database (NLCD) - Land Cover,30m,/Conte-Ecology/basinCharacteristics/nlcdLandCover,fraction,100,%,"""Land_Cover"" (Land Cover Class) = 
""Developed, Open Space"" (21), 
""Developed, Low Intensity"" (22), 
""Developed, Medium Intensity"" (23), 
""Developed, High Intensity"" (24), 
""Unconsolidated Shore/Quarries/Gravel Pits/Strip Mines"" (32),  or 
""Urban/Recreational Grasses"" (85)",Y,Y,Y,Y,Y,Y,Y,Y,HRD,HRD,HRD,HRD,HRD,HRD,HRD,HRD,HRD,HRD,HRD,HRD,
Percent Forest,The percentage of the contributing drainage area that is classified as forest.,forest,National Land Cover Database (NLCD) - Land Cover,30m,/Conte-Ecology/basinCharacteristics/nlcdLandCover,fraction,100,%,"""Land_Cover"" (Land Cover Class)  = 
""Deciduous Forest"" (41), 
""Evergreen Forest"" (42), 
""Mixed Forest"" (43), 
""Woody Wetlands"" (90), 
""Palustrine Forested Wetland"" (91), or 
""Estuarine Forested Wetland"" (93)",Y,Y,Y,Y,Y,Y,Y,Y,HRD,HRD,HRD,HRD,HRD,HRD,HRD,HRD,HRD,HRD,HRD,HRD,
Percent Deciduous Forest,The percentage of the contributing drainage area that is classified as deciduous forest.,forest_decid,National Land Cover Database (NLCD) - Land Cover,30m,/Conte-Ecology/basinCharacteristics/nlcdLandCover,fraction,100,%,"""Land_Cover"" (Land Cover Class) =  
""Deciduous Forest"" (41)",Y,Y,Y,Y,Y,N,N,N,HRD,HRD,HRD,HRD,HRD,HRD,HRD,HRD,HRD,HRD,HRD,HRD,
Percent Evergreen Forest,The percentage of the contributing drainage area that is classified as being evergreen forest.,forest_evgrn,National Land Cover Database (NLCD) - Land Cover,30m,/Conte-Ecology/basinCharacteristics/nlcdLandCover,fraction,100,%,"""Land_Cover"" (Land Cover Class) =  
""Evergreen Forest"" (42)",Y,Y,Y,Y,Y,N,N,N,HRD,HRD,HRD,HRD,HRD,HRD,HRD,HRD,HRD,HRD,HRD,HRD,
Percent Mixed Forest,The percentage of the contributing drainage area that is classified as being covered by mixed types of forest.,forest_mixed,National Land Cover Database (NLCD) - Land Cover,30m,/Conte-Ecology/basinCharacteristics/nlcdLandCover,fraction,100,%,"""Land_Cover"" (Land Cover Class) =  
""Mixed Forest"" (43), 
""Woody Wetlands"" (90), 
""Palustrine Forested Wetland"" (91), 
""Estuarine Forested Wetland"" (93)",Y,Y,Y,Y,Y,N,N,N,HRD,HRD,HRD,HRD,HRD,HRD,HRD,HRD,HRD,HRD,HRD,HRD,
Percent Herbaceous,The percentage of the contributing drainage area that is classified as primarily herbacous coverage.,herbaceous,National Land Cover Database (NLCD) - Land Cover,30m,/Conte-Ecology/basinCharacteristics/nlcdLandCover,fraction,100,%,"""Land_Cover"" (Land Cover Class) =  
""Transitional"" (33), 
""Dwarf Scrub"" (51), 
""Shrub/Scrub"" (52),
""Grassland/Herbaceous"" (71), 
""Sedge/Herbaceous"" (72),
""Lichens"" (73), 
""Moss"" (74), 
""Urban/Recereational Grasses"" (85),
""Palustrine Scrub/Shrub Wetland"" (92), 
""Estuarine Scrub/Shrub Wetland"" (94),
""Emergent Herbaceous Wetlands"" (95), 
""Palustrine Emergent Wetland (Persistent)"" (96), or
""Estuarine Emergent Wetland"" (97)",Y,Y,Y,Y,Y,N,N,N,HRD,HRD,HRD,HRD,HRD,HRD,HRD,HRD,HRD,HRD,HRD,HRD,
Percent Undeveloped Forest,The percentage of the contributing drainage area that is classified as forested land without development.,undev_forest,National Land Cover Database (NLCD) - Land Cover,30m,/Conte-Ecology/basinCharacteristics/nlcdLandCover,fraction,100,%,"""Land_Cover"" (Land Cover Class) = 
""Deciduous Forest"" (41), 
""Evergreen Forest"" (42), 
""Mixed Forest"" (43), 
""Woody Wetlands"" (90), 
""Palustrine Forested Wetland"" (91), 
""Estuarine Forested Wetland"" (93)

IN addition, the following get reclassified as NA (-9999):
""Developed, Open Space"" (21), 
""Developed, Low Intensity"" (22), 
""Developed, Medium Intensity"" (23), 
""Developed, High Intensity"" (24), 
""Barren Land (Rock/Sand/Clay)"" (31), and
""Unconsolidated Shore/Quarries/Gravel Pits/Strip Mines"" (32)",N,Y,Y,Y,Y,N,N,N,HRD,HRD,HRD,HRD,HRD,HRD,HRD,HRD,HRD,HRD,HRD,HRD,
Percent Open Water,The percentage of the contributing drainage area that is classified as open water such as lakes and ponds.,water,National Land Cover Database (NLCD) - Land Cover,30m,/Conte-Ecology/basinCharacteristics/nlcdLandCover,fraction,100,%,"""Land_Cover"" (Land Cover Class) =  
""Open Water"" (11)",Y,Y,Y,Y,Y,N,N,N,HRD,HRD,HRD,HRD,HRD,HRD,HRD,HRD,HRD,HRD,HRD,HRD,
Percent Wetland,The percentage of the contributing drainage area that is classified as any type of wetland.,wetland,National Land Cover Database (NLCD) - Land Cover,30m,/Conte-Ecology/basinCharacteristics/nlcdLandCover,fraction,100,%,"""Land_Cover"" (Land Cover Class) =  
""Woody Wetlands"" (90), 
""Palustrine Forested Wetland"" (91), 
""Palustrine Scrub/Shrub Wetland"" (92),
""Estuarine Forested Wetland"" (93), 
""Estuarine Scrub/Shrub Wetland"" (94), 
""Emergent Herbaceous Wetlands"" (95), 
""Palustrine Emergent Wetland (Persistent)"" (96), 
""Estuarine Emergent Wetland"" (97), 
""Palustrine Aquatic Bed"" (98), or 
""Estuarine Aquatic Bed"" (99)",Y,Y,Y,Y,Y,N,N,N,HRD,HRD,HRD,HRD,HRD,HRD,HRD,HRD,HRD,HRD,HRD,HRD,
Average Maximum Annual  Temperature,Average annual maximum temperature (1981 - 2010) in the contributing drainage area.,ann_tmax_c,PRISM Climate Group,800m,/Conte-Ecology/basinCharacteristics/prism,degrees C,1,degrees C,Raster Value,N,Y,Y,Y,Y,N,N,N,HRD,HRD,HRD,HRD,HRD,HRD,HRD,HRD,HRD,HRD,HRD,HRD,
Average Minimum Annual  Temperature,Average annual minimum temperature (1981 - 2010) in the contributing drainage area.,ann_tmin_c,PRISM Climate Group,800m,/Conte-Ecology/basinCharacteristics/prism,degrees C,1,degrees C,Raster Value,N,Y,Y,Y,Y,N,N,N,HRD,HRD,HRD,HRD,HRD,HRD,HRD,HRD,HRD,HRD,HRD,HRD,
Average April Precipitation,Average April precipitaiton (1981 - 2010) in the contributing drainage area.,apr_prcp_mm,PRISM Climate Group,800m,/Conte-Ecology/basinCharacteristics/prism,mm,1,mm,Raster Value,N,Y,Y,Y,Y,N,N,N,HRD,HRD,HRD,HRD,HRD,HRD,HRD,HRD,HRD,HRD,HRD,HRD,
Average August Precipitation,Average August precipitaiton (1981 - 2010) in the contributing drainage area.,aug_prcp_mm,PRISM Climate Group,800m,/Conte-Ecology/basinCharacteristics/prism,mm,1,mm,Raster Value,N,Y,Y,Y,Y,N,N,N,HRD,HRD,HRD,HRD,HRD,HRD,HRD,HRD,HRD,HRD,HRD,HRD,
Average December Precipitation,Average December precipitaiton (1981 - 2010) in the contributing drainage area.,dec_prcp_mm,PRISM Climate Group,800m,/Conte-Ecology/basinCharacteristics/prism,mm,1,mm,Raster Value,N,Y,Y,Y,Y,N,N,N,HRD,HRD,HRD,HRD,HRD,HRD,HRD,HRD,HRD,HRD,HRD,HRD,
Average February Precipitation,Average February precipitaiton (1981 - 2010) in the contributing drainage area.,feb_prcp_mm,PRISM Climate Group,800m,/Conte-Ecology/basinCharacteristics/prism,mm,1,mm,Raster Value,N,Y,Y,Y,Y,N,N,N,HRD,HRD,HRD,HRD,HRD,HRD,HRD,HRD,HRD,HRD,HRD,HRD,
Average January Precipitation,Average January precipitaiton (1981 - 2010) in the contributing drainage area.,jan_prcp_mm,PRISM Climate Group,800m,/Conte-Ecology/basinCharacteristics/prism,mm,1,mm,Raster Value,N,Y,Y,Y,Y,N,N,N,HRD,HRD,HRD,HRD,HRD,HRD,HRD,HRD,HRD,HRD,HRD,HRD,
Average July Precipitation,Average July precipitaiton (1981 - 2010) in the contributing drainage area.,jul_prcp_mm,PRISM Climate Group,800m,/Conte-Ecology/basinCharacteristics/prism,mm,1,mm,Raster Value,N,Y,Y,Y,Y,N,N,N,HRD,HRD,HRD,HRD,HRD,HRD,HRD,HRD,HRD,HRD,HRD,HRD,
Average June Precipitation,Average June precipitaiton (1981 - 2010) in the contributing drainage area.,jun_prcp_mm,PRISM Climate Group,800m,/Conte-Ecology/basinCharacteristics/prism,mm,1,mm,Raster Value,N,Y,Y,Y,Y,N,N,N,HRD,HRD,HRD,HRD,HRD,HRD,HRD,HRD,HRD,HRD,HRD,HRD,
Average March Precipitation,Average March precipitaiton (1981 - 2010) in the contributing drainage area.,mar_prcp_mm,PRISM Climate Group,800m,/Conte-Ecology/basinCharacteristics/prism,mm,1,mm,Raster Value,N,Y,Y,Y,Y,N,N,N,HRD,HRD,HRD,HRD,HRD,HRD,HRD,HRD,HRD,HRD,HRD,HRD,
Average May Precipitation,Average May precipitaiton (1981 - 2010) in the contributing drainage area.,may_prcp_mm,PRISM Climate Group,800m,/Conte-Ecology/basinCharacteristics/prism,mm,1,mm,Raster Value,N,Y,Y,Y,Y,N,N,N,HRD,HRD,HRD,HRD,HRD,HRD,HRD,HRD,HRD,HRD,HRD,HRD,
Average November Precipitation,Average November precipitaiton (1981 - 2010) in the contributing drainage area.,nov_prcp_mm,PRISM Climate Group,800m,/Conte-Ecology/basinCharacteristics/prism,mm,1,mm,Raster Value,N,Y,Y,Y,Y,N,N,N,HRD,HRD,HRD,HRD,HRD,HRD,HRD,HRD,HRD,HRD,HRD,HRD,
Average October Precipitation,Average October precipitaiton (1981 - 2010) in the contributing drainage area.,oct_prcp_mm,PRISM Climate Group,800m,/Conte-Ecology/basinCharacteristics/prism,mm,1,mm,Raster Value,N,Y,Y,Y,Y,N,N,N,HRD,HRD,HRD,HRD,HRD,HRD,HRD,HRD,HRD,HRD,HRD,HRD,
Average September Precipitation,Average September precipitaiton (1981 - 2010) in the contributing drainage area.,sep_prcp_mm,PRISM Climate Group,800m,/Conte-Ecology/basinCharacteristics/prism,mm,1,mm,Raster Value,N,Y,Y,Y,Y,N,N,N,HRD,HRD,HRD,HRD,HRD,HRD,HRD,HRD,HRD,HRD,HRD,HRD,
Soil Drainage Class,The average value over the contributing drainage area of the numerical translation of the 7 drainage class categories (values 1-7).,drainageclass,USDA National Resources Conservation Sciences (NRCS) - Soil Survey Geographic Database (SSURGO),"1:12,000 to 1:63,360",/Conte-Ecology/basinCharacteristics/soilDrainageClass,Categorical Average (1-7),1,Categorical Average (1-7),"Component (""component"") table:
Drainage Class (""drainagecl"") column:
""Excessively drained"" = 1
""Somewhat excessively drained"" = 2
""Well drained"" = 3
""Moderately well drained"" = 4
""Somewhat poorly drained"" = 5
""Poorly drained"" = 6
""Very poorly drained"" = 7",N,Y,Y,Y,Y,N,N,N,HRD,HRD,HRD,HRD,HRD,HRD,HRD,HRD,HRD,HRD,HRD,HRD,
Soil Hydrologic Group A,The percentage of the contributing drainage area that is classified as soil hydrologic group A.,hydrogroup_a,USDA National Resources Conservation Sciences (NRCS) - Soil Survey Geographic Database (SSURGO),"1:12,000 to 1:63,361",/Conte-Ecology/basinCharacteristics/soilHydrologicGroup,fraction,100,%,"Component (""component"") table:
Hydrologic Group (""hydgrp"") = 
""A""",N,Y,Y,Y,Y,N,N,N,HRD,HRD,HRD,HRD,HRD,HRD,HRD,HRD,HRD,HRD,HRD,HRD,
Soil Hydrologic Group A & B,The percentage of the contributing drainage area that is classified as soil hydrologic group A or B.,hydrogroup_ab,USDA National Resources Conservation Sciences (NRCS) - Soil Survey Geographic Database (SSURGO),"1:12,000 to 1:63,362",/Conte-Ecology/basinCharacteristics/soilHydrologicGroup,fraction,100,%,"Component (""component"") table:
Hydrologic Group (""hydgrp"") = 
""A"" or ""B""",N,Y,Y,Y,Y,N,N,N,HRD,HRD,HRD,HRD,HRD,HRD,HRD,HRD,HRD,HRD,HRD,HRD,
Soil Hydrologic Group C &D,The percentage of the contributing drainage area that is classified as soil hydrologic group C or D.,hydrogroup_cd,USDA National Resources Conservation Sciences (NRCS) - Soil Survey Geographic Database (SSURGO),"1:12,000 to 1:63,363",/Conte-Ecology/basinCharacteristics/soilHydrologicGroup,fraction,100,%,"Component (""component"") table:
Hydrologic Group (""hydgrp"") = 
""C"", ""D"", or ""C/D""",N,Y,Y,Y,Y,N,N,N,HRD,HRD,HRD,HRD,HRD,HRD,HRD,HRD,HRD,HRD,HRD,HRD,
Soil Hydrologic Group D (Only),The percentage of the contributing drainage area that is classified as soil hydrologic group D only.,hydrogroup_d1,USDA National Resources Conservation Sciences (NRCS) - Soil Survey Geographic Database (SSURGO),"1:12,000 to 1:63,364",/Conte-Ecology/basinCharacteristics/soilHydrologicGroup,fraction,100,%,"Component (""component"") table:
Hydrologic Group (""hydgrp"") = 
""D""",N,Y,Y,Y,Y,N,N,N,HRD,HRD,HRD,HRD,HRD,HRD,HRD,HRD,HRD,HRD,HRD,HRD,
Soil Hydrologic Group D (All),The percentage of the contributing drainage area that is any calssification containing soil hydrologic group D.,hydrogroup_d4,USDA National Resources Conservation Sciences (NRCS) - Soil Survey Geographic Database (SSURGO),"1:12,000 to 1:63,365",/Conte-Ecology/basinCharacteristics/soilHydrologicGroup,fraction,100,%,"Component (""component"") table:
Hydrologic Group (""hydgrp"") = 
""A/D"", ""B/D"", ""C/D"", or ""D""",N,Y,Y,Y,Y,N,N,N,HRD,HRD,HRD,HRD,HRD,HRD,HRD,HRD,HRD,HRD,HRD,HRD,
Percent Sandy,"The percentage of the contributing drainage area that is classified as having ""sandy"" soil.",percent_sandy,USDA National Resources Conservation Sciences (NRCS) - Soil Survey Geographic Database (SSURGO),"1:12,000 to 1:63,366",/Conte-Ecology/basinCharacteristics/percentSandy,fraction,100,%,"Component Parent Material (""copm"") table:
Textural Modifier (""pmmodifier"") = 
""Sandy""",N,Y,Y,Y,Y,N,N,N,HRD,HRD,HRD,HRD,HRD,HRD,HRD,HRD,HRD,HRD,HRD,HRD,
Surficial Coarseness,"The percentage of the contributing drainage area that is the geologic classification ""surficially coarse"".",surfcoarse,USDA National Resources Conservation Sciences (NRCS) - Soil Survey Geographic Database (SSURGO),"1:12,000 to 1:63,367",/Conte-Ecology/basinCharacteristics/surficialCoarseness,fraction,100,%,"Component Parent Material (""copm"") table:
Textural Modifier (""pmmodifier"") = 
""Sandy"", 
""Sandy and gravelly"", or 
""Gravelly""",Y,Y,Y,Y,Y,N,N,N,HRD,HRD,HRD,HRD,HRD,HRD,HRD,HRD,HRD,HRD,HRD,HRD,
Percent Tree Canopy,The vertical projection of the percentage of the contributing drainage area that is covered by tree canopy.,tree_canopy,National Land Cover Database (NLCD) - Tree Canopy,30m,/Conte-Ecology/basinCharacteristics/nlcdTreeCanopy,%,1,%,Raster Value,N,Y,Y,Y,Y,Y,Y,Y,HRD,HRD,HRD,HRD,HRD,HRD,HRD,HRD,HRD,HRD,HRD,HRD,
TNC Dams - Degree Barrier 1,The number of dams in the contributing drainage area of degree barrier 1,deg_barr_1,TNC Dams dataset snapped to high res flowlines (Umass Land Eco Lab),Spatial Points,/Conte-Ecology/basinCharacteristics/tncDams,count,1,%,"""deg_barr"" = 1 & ""Use"" = 1",N,Y,Y,Y,Y,N,N,N,HRD,HRD,HRD,HRD,HRD,HRD,HRD,HRD,HRD,HRD,HRD,HRD,
TNC Dams - Degree Barrier 2,The number of dams in the contributing drainage area of degree barrier 2,deg_barr_2,TNC Dams dataset snapped to high res flowlines (Umass Land Eco Lab),Spatial Points,/Conte-Ecology/basinCharacteristics/tncDams,count,1,%,"""deg_barr"" = 2 & ""Use"" = 1",N,Y,Y,Y,Y,N,N,N,HRD,HRD,HRD,HRD,HRD,HRD,HRD,HRD,HRD,HRD,HRD,HRD,
TNC Dams - Degree Barrier 3,The number of dams in the contributing drainage area of degree barrier 3,deg_barr_3,TNC Dams dataset snapped to high res flowlines (Umass Land Eco Lab),Spatial Points,/Conte-Ecology/basinCharacteristics/tncDams,count,1,%,"""deg_barr"" = 3 & ""Use"" = 1",N,Y,Y,Y,Y,N,N,N,HRD,HRD,HRD,HRD,HRD,HRD,HRD,HRD,HRD,HRD,HRD,HRD,
TNC Dams - Degree Barrier 4,The number of dams in the contributing drainage area of degree barrier 4,deg_barr_4,TNC Dams dataset snapped to high res flowlines (Umass Land Eco Lab),Spatial Points,/Conte-Ecology/basinCharacteristics/tncDams,count,1,%,"""deg_barr"" = 4 & ""Use"" = 1",N,Y,Y,Y,Y,N,N,N,HRD,HRD,HRD,HRD,HRD,HRD,HRD,HRD,HRD,HRD,HRD,HRD,
TNC Dams - Degree Barrier 5,The number of dams in the contributing drainage area of degree barrier 5,deg_barr_5,TNC Dams dataset snapped to high res flowlines (Umass Land Eco Lab),Spatial Points,/Conte-Ecology/basinCharacteristics/tncDams,count,1,%,"""deg_barr"" = 5 & ""Use"" = 1",N,Y,Y,Y,Y,N,N,N,HRD,HRD,HRD,HRD,HRD,HRD,HRD,HRD,HRD,HRD,HRD,HRD,
TNC Dams - Degree Barrier 6,The number of dams in the contributing drainage area of degree barrier 6,deg_barr_6,TNC Dams dataset snapped to high res flowlines (Umass Land Eco Lab),Spatial Points,/Conte-Ecology/basinCharacteristics/tncDams,count,1,%,"""deg_barr"" = 6 & ""Use"" = 1",N,Y,Y,Y,Y,N,N,N,HRD,HRD,HRD,HRD,HRD,HRD,HRD,HRD,HRD,HRD,HRD,HRD,
TNC Dams - Degree Barrier 7,The number of dams in the contributing drainage area of degree barrier 7,deg_barr_7,TNC Dams dataset snapped to high res flowlines (Umass Land Eco Lab),Spatial Points,/Conte-Ecology/basinCharacteristics/tncDams,count,1,%,"""deg_barr"" = 7 & ""Use"" = 1",N,Y,Y,Y,Y,N,N,N,HRD,HRD,HRD,HRD,HRD,HRD,HRD,HRD,HRD,HRD,HRD,HRD,
TNC Dams - All Degrees of Barrier,The total number of dams in the contributing drainage area,deg_barr_all,TNC Dams dataset snapped to high res flowlines (Umass Land Eco Lab),Spatial Points,/Conte-Ecology/basinCharacteristics/tncDams,count,1,%,NA,N,Y,Y,Y,Y,N,N,N,HRD,HRD,HRD,HRD,HRD,HRD,HRD,HRD,HRD,HRD,HRD,HRD,
Hydrologic Unit Code 10,The HUC10 code associated with the centroid of the catchment,HUC10,USGS Watershed Boundary Dataset (WBD),Spatial Polygons,/Conte-Ecology/basinCharacteristics/hucs,HUC code,1,HUC code,"""HUC10"" Column",N,Y,Y,Y,Y,N,N,N,HRD,HRD,HRD,HRD,HRD,HRD,HRD,HRD,HRD,HRD,HRD,HRD,
Hydrologic Unit Code 12,The HUC12 code associated with the centroid of the catchment,HUC12,USGS Watershed Boundary Dataset (WBD),Spatial Polygons,/Conte-Ecology/basinCharacteristics/hucs,HUC code,1,HUC code,"""HUC12"" Column",N,Y,Y,Y,Y,N,N,N,HRD,HRD,HRD,HRD,HRD,HRD,HRD,HRD,HRD,HRD,HRD,HRD,
Hydrologic Unit Code 4,The HUC4 code associated with the centroid of the catchment,HUC4,USGS Watershed Boundary Dataset (WBD),Spatial Polygons,/Conte-Ecology/basinCharacteristics/hucs,HUC code,1,HUC code,"""HUC4"" Column",N,Y,Y,Y,Y,N,N,N,HRD,HRD,HRD,HRD,HRD,HRD,HRD,HRD,HRD,HRD,HRD,HRD,
Hydrologic Unit Code 6,The HUC6 code associated with the centroid of the catchment,HUC6,USGS Watershed Boundary Dataset (WBD),Spatial Polygons,/Conte-Ecology/basinCharacteristics/hucs,HUC code,1,HUC code,"""HUC6"" Column",N,Y,Y,Y,Y,N,N,N,HRD,HRD,HRD,HRD,HRD,HRD,HRD,HRD,HRD,HRD,HRD,HRD,
Hydrologic Unit Code 8,The HUC8 code associated with the centroid of the catchment,HUC8,USGS Watershed Boundary Dataset (WBD),Spatial Polygons,/Conte-Ecology/basinCharacteristics/hucs,HUC code,1,HUC code,"""HUC8"" Column",N,Y,Y,Y,Y,N,N,N,HRD,HRD,HRD,HRD,HRD,HRD,HRD,HRD,HRD,HRD,HRD,HRD,
